--------------------------------------------------------
--  File created - Wednesday-June-27-2018   
--------------------------------------------------------
DROP TABLE "JESSELLAND"."CUSTOMER" cascade constraints;
DROP TABLE "JESSELLAND"."DETAIL_PEMBELIAN" cascade constraints;
DROP TABLE "JESSELLAND"."DETAIL_PEMINJAMAN_PER_FILM" cascade constraints;
DROP TABLE "JESSELLAND"."FILM" cascade constraints;
DROP TABLE "JESSELLAND"."GENRE" cascade constraints;
DROP TABLE "JESSELLAND"."NOTA_PEMBELIAN" cascade constraints;
DROP TABLE "JESSELLAND"."NOTA_PEMINJAMAN" cascade constraints;
DROP TABLE "JESSELLAND"."STATUS" cascade constraints;
DROP TABLE "JESSELLAND"."SUPPLIER" cascade constraints;
DROP TABLE "JESSELLAND"."TANDA_TERIMA_PERNOTAAN_FILM" cascade constraints;
--------------------------------------------------------
--  DDL for Table CUSTOMER
--------------------------------------------------------

  CREATE TABLE "JESSELLAND"."CUSTOMER" 
   (	"ID_CUSTOMER" VARCHAR2(20 BYTE), 
	"NAMA" VARCHAR2(20 BYTE), 
	"ALAMAT" VARCHAR2(20 BYTE), 
	"NO_TELP_RMH" VARCHAR2(20 BYTE), 
	"NO_HP" VARCHAR2(20 BYTE)
   ) SEGMENT CREATION IMMEDIATE 
  PCTFREE 10 PCTUSED 40 INITRANS 1 MAXTRANS 255 NOCOMPRESS LOGGING
  STORAGE(INITIAL 65536 NEXT 1048576 MINEXTENTS 1 MAXEXTENTS 2147483645
  PCTINCREASE 0 FREELISTS 1 FREELIST GROUPS 1 BUFFER_POOL DEFAULT FLASH_CACHE DEFAULT CELL_FLASH_CACHE DEFAULT)
  TABLESPACE "USERS" ;
--------------------------------------------------------
--  DDL for Table DETAIL_PEMBELIAN
--------------------------------------------------------

  CREATE TABLE "JESSELLAND"."DETAIL_PEMBELIAN" 
   (	"ID_PEMBELIAN" VARCHAR2(20 BYTE), 
	"ID_FILM" VARCHAR2(20 BYTE), 
	"TGL_PEMBELIAN" DATE, 
	"JUMLAH" NUMBER, 
	"SUBTOTAL" NUMBER, 
	"ID_NOTA_PEMBELIAN" VARCHAR2(20 BYTE)
   ) SEGMENT CREATION IMMEDIATE 
  PCTFREE 10 PCTUSED 40 INITRANS 1 MAXTRANS 255 NOCOMPRESS LOGGING
  STORAGE(INITIAL 65536 NEXT 1048576 MINEXTENTS 1 MAXEXTENTS 2147483645
  PCTINCREASE 0 FREELISTS 1 FREELIST GROUPS 1 BUFFER_POOL DEFAULT FLASH_CACHE DEFAULT CELL_FLASH_CACHE DEFAULT)
  TABLESPACE "USERS" ;
--------------------------------------------------------
--  DDL for Table DETAIL_PEMINJAMAN_PER_FILM
--------------------------------------------------------

  CREATE TABLE "JESSELLAND"."DETAIL_PEMINJAMAN_PER_FILM" 
   (	"ID_PEMINJAMAN" VARCHAR2(20 BYTE), 
	"TGL_PEMINJAMAN" DATE, 
	"TGL_HRS_KEMBALI" DATE, 
	"ID_CUSTOMER" VARCHAR2(20 BYTE), 
	"ID_NOTA_PEMINJAMAN" VARCHAR2(20 BYTE), 
	"ID_FILM" VARCHAR2(20 BYTE), 
	"ID_TANDA_TERIMA" VARCHAR2(20 BYTE), 
	"HARGA" NUMBER
   ) SEGMENT CREATION IMMEDIATE 
  PCTFREE 10 PCTUSED 40 INITRANS 1 MAXTRANS 255 NOCOMPRESS LOGGING
  STORAGE(INITIAL 65536 NEXT 1048576 MINEXTENTS 1 MAXEXTENTS 2147483645
  PCTINCREASE 0 FREELISTS 1 FREELIST GROUPS 1 BUFFER_POOL DEFAULT FLASH_CACHE DEFAULT CELL_FLASH_CACHE DEFAULT)
  TABLESPACE "USERS" ;
--------------------------------------------------------
--  DDL for Table FILM
--------------------------------------------------------

  CREATE TABLE "JESSELLAND"."FILM" 
   (	"ID_FILM" VARCHAR2(20 BYTE), 
	"TGL_RILIS" DATE, 
	"JUDUL" VARCHAR2(50 BYTE), 
	"ID_GENRE" VARCHAR2(20 BYTE), 
	"JUMLAH_TOTAL" NUMBER, 
	"JUMLAH_BAIK" NUMBER, 
	"JUMLAH_RUSAK" NUMBER, 
	"JUMLAH_HILANG" NUMBER, 
	"ID_STATUS" VARCHAR2(20 BYTE), 
	"HARGA_SATUAN" NUMBER, 
	"JUMLAH_TERPINJAM" NUMBER
   ) SEGMENT CREATION IMMEDIATE 
  PCTFREE 10 PCTUSED 40 INITRANS 1 MAXTRANS 255 NOCOMPRESS LOGGING
  STORAGE(INITIAL 65536 NEXT 1048576 MINEXTENTS 1 MAXEXTENTS 2147483645
  PCTINCREASE 0 FREELISTS 1 FREELIST GROUPS 1 BUFFER_POOL DEFAULT FLASH_CACHE DEFAULT CELL_FLASH_CACHE DEFAULT)
  TABLESPACE "USERS" ;
--------------------------------------------------------
--  DDL for Table GENRE
--------------------------------------------------------

  CREATE TABLE "JESSELLAND"."GENRE" 
   (	"ID_GENRE" VARCHAR2(20 BYTE), 
	"DESKRIPSI_GENRE" VARCHAR2(200 BYTE)
   ) SEGMENT CREATION IMMEDIATE 
  PCTFREE 10 PCTUSED 40 INITRANS 1 MAXTRANS 255 NOCOMPRESS LOGGING
  STORAGE(INITIAL 65536 NEXT 1048576 MINEXTENTS 1 MAXEXTENTS 2147483645
  PCTINCREASE 0 FREELISTS 1 FREELIST GROUPS 1 BUFFER_POOL DEFAULT FLASH_CACHE DEFAULT CELL_FLASH_CACHE DEFAULT)
  TABLESPACE "USERS" ;
--------------------------------------------------------
--  DDL for Table NOTA_PEMBELIAN
--------------------------------------------------------

  CREATE TABLE "JESSELLAND"."NOTA_PEMBELIAN" 
   (	"ID_NOTA" VARCHAR2(20 BYTE), 
	"TOTAL_BAYAR" NUMBER, 
	"ID_SUPPLIER" VARCHAR2(20 BYTE)
   ) SEGMENT CREATION IMMEDIATE 
  PCTFREE 10 PCTUSED 40 INITRANS 1 MAXTRANS 255 NOCOMPRESS LOGGING
  STORAGE(INITIAL 65536 NEXT 1048576 MINEXTENTS 1 MAXEXTENTS 2147483645
  PCTINCREASE 0 FREELISTS 1 FREELIST GROUPS 1 BUFFER_POOL DEFAULT FLASH_CACHE DEFAULT CELL_FLASH_CACHE DEFAULT)
  TABLESPACE "USERS" ;
--------------------------------------------------------
--  DDL for Table NOTA_PEMINJAMAN
--------------------------------------------------------

  CREATE TABLE "JESSELLAND"."NOTA_PEMINJAMAN" 
   (	"ID_NOTA" VARCHAR2(20 BYTE), 
	"ID_CUSTOMER" VARCHAR2(20 BYTE), 
	"TANGGAL" DATE, 
	"TOTAL_HARGA" NUMBER
   ) SEGMENT CREATION IMMEDIATE 
  PCTFREE 10 PCTUSED 40 INITRANS 1 MAXTRANS 255 NOCOMPRESS LOGGING
  STORAGE(INITIAL 65536 NEXT 1048576 MINEXTENTS 1 MAXEXTENTS 2147483645
  PCTINCREASE 0 FREELISTS 1 FREELIST GROUPS 1 BUFFER_POOL DEFAULT FLASH_CACHE DEFAULT CELL_FLASH_CACHE DEFAULT)
  TABLESPACE "USERS" ;
--------------------------------------------------------
--  DDL for Table STATUS
--------------------------------------------------------

  CREATE TABLE "JESSELLAND"."STATUS" 
   (	"ID_STATUS" VARCHAR2(20 BYTE), 
	"NAMA_STATUS" VARCHAR2(20 BYTE), 
	"MASA_PINJAM" NUMBER
   ) SEGMENT CREATION IMMEDIATE 
  PCTFREE 10 PCTUSED 40 INITRANS 1 MAXTRANS 255 NOCOMPRESS LOGGING
  STORAGE(INITIAL 65536 NEXT 1048576 MINEXTENTS 1 MAXEXTENTS 2147483645
  PCTINCREASE 0 FREELISTS 1 FREELIST GROUPS 1 BUFFER_POOL DEFAULT FLASH_CACHE DEFAULT CELL_FLASH_CACHE DEFAULT)
  TABLESPACE "USERS" ;
--------------------------------------------------------
--  DDL for Table SUPPLIER
--------------------------------------------------------

  CREATE TABLE "JESSELLAND"."SUPPLIER" 
   (	"ID_SUPPLIER" VARCHAR2(20 BYTE), 
	"NAMA_SUPPLIER" VARCHAR2(50 BYTE), 
	"ALAMAT" VARCHAR2(50 BYTE), 
	"EMAIL" VARCHAR2(50 BYTE), 
	"NO_TELP" VARCHAR2(20 BYTE)
   ) SEGMENT CREATION IMMEDIATE 
  PCTFREE 10 PCTUSED 40 INITRANS 1 MAXTRANS 255 NOCOMPRESS LOGGING
  STORAGE(INITIAL 65536 NEXT 1048576 MINEXTENTS 1 MAXEXTENTS 2147483645
  PCTINCREASE 0 FREELISTS 1 FREELIST GROUPS 1 BUFFER_POOL DEFAULT FLASH_CACHE DEFAULT CELL_FLASH_CACHE DEFAULT)
  TABLESPACE "USERS" ;
--------------------------------------------------------
--  DDL for Table TANDA_TERIMA_PERNOTAAN_FILM
--------------------------------------------------------

  CREATE TABLE "JESSELLAND"."TANDA_TERIMA_PERNOTAAN_FILM" 
   (	"ID_TANDA_TERIMA" VARCHAR2(20 BYTE), 
	"TGL_KEMBALI" DATE, 
	"SELISIH_HARI" NUMBER, 
	"DENDA" NUMBER, 
	"ID_CUSTOMER" VARCHAR2(20 BYTE), 
	"ID_FILM" VARCHAR2(20 BYTE), 
	"KETERANGAN" CHAR(1 BYTE)
   ) SEGMENT CREATION IMMEDIATE 
  PCTFREE 10 PCTUSED 40 INITRANS 1 MAXTRANS 255 NOCOMPRESS LOGGING
  STORAGE(INITIAL 65536 NEXT 1048576 MINEXTENTS 1 MAXEXTENTS 2147483645
  PCTINCREASE 0 FREELISTS 1 FREELIST GROUPS 1 BUFFER_POOL DEFAULT FLASH_CACHE DEFAULT CELL_FLASH_CACHE DEFAULT)
  TABLESPACE "USERS" ;
REM INSERTING into JESSELLAND.CUSTOMER
SET DEFINE OFF;
Insert into JESSELLAND.CUSTOMER (ID_CUSTOMER,NAMA,ALAMAT,NO_TELP_RMH,NO_HP) values ('C0001','Adi','Jl.Darmo no 1','0317382910','0812348769');
Insert into JESSELLAND.CUSTOMER (ID_CUSTOMER,NAMA,ALAMAT,NO_TELP_RMH,NO_HP) values ('C0002','Ben','Jl.Suprat no 2','0319876543','0823456789');
Insert into JESSELLAND.CUSTOMER (ID_CUSTOMER,NAMA,ALAMAT,NO_TELP_RMH,NO_HP) values ('C0003','Carla','Jl.Tambak no 3','0312387654','0831209873');
Insert into JESSELLAND.CUSTOMER (ID_CUSTOMER,NAMA,ALAMAT,NO_TELP_RMH,NO_HP) values ('C0004','Doni','Jl.Raden no 4','0318746352','0812937465');
REM INSERTING into JESSELLAND.DETAIL_PEMBELIAN
SET DEFINE OFF;
Insert into JESSELLAND.DETAIL_PEMBELIAN (ID_PEMBELIAN,ID_FILM,TGL_PEMBELIAN,JUMLAH,SUBTOTAL,ID_NOTA_PEMBELIAN) values ('DB003','FGG2000017',to_date('16-05-2017','DD-MM-RRRR'),'5','175000','NB003');
Insert into JESSELLAND.DETAIL_PEMBELIAN (ID_PEMBELIAN,ID_FILM,TGL_PEMBELIAN,JUMLAH,SUBTOTAL,ID_NOTA_PEMBELIAN) values ('DB001','FTR0000016',to_date('11-11-2016','DD-MM-RRRR'),'3','105000','NB001');
Insert into JESSELLAND.DETAIL_PEMBELIAN (ID_PEMBELIAN,ID_FILM,TGL_PEMBELIAN,JUMLAH,SUBTOTAL,ID_NOTA_PEMBELIAN) values ('DB004','FCM0130117',to_date('15-10-2017','DD-MM-RRRR'),'10','250000','NB004');
Insert into JESSELLAND.DETAIL_PEMBELIAN (ID_PEMBELIAN,ID_FILM,TGL_PEMBELIAN,JUMLAH,SUBTOTAL,ID_NOTA_PEMBELIAN) values ('DB002','FBB0000017',to_date('15-05-2017','DD-MM-RRRR'),'5','175000','NB002');
Insert into JESSELLAND.DETAIL_PEMBELIAN (ID_PEMBELIAN,ID_FILM,TGL_PEMBELIAN,JUMLAH,SUBTOTAL,ID_NOTA_PEMBELIAN) values ('DB005','FCM0130217',to_date('15-10-2017','DD-MM-RRRR'),'10','250000','NB004');
Insert into JESSELLAND.DETAIL_PEMBELIAN (ID_PEMBELIAN,ID_FILM,TGL_PEMBELIAN,JUMLAH,SUBTOTAL,ID_NOTA_PEMBELIAN) values ('DB006','FGS0000017',to_date('09-01-2018','DD-MM-RRRR'),'7','245000','NB005');
REM INSERTING into JESSELLAND.DETAIL_PEMINJAMAN_PER_FILM
SET DEFINE OFF;
Insert into JESSELLAND.DETAIL_PEMINJAMAN_PER_FILM (ID_PEMINJAMAN,TGL_PEMINJAMAN,TGL_HRS_KEMBALI,ID_CUSTOMER,ID_NOTA_PEMINJAMAN,ID_FILM,ID_TANDA_TERIMA,HARGA) values ('DJ001',to_date('01-01-2018','DD-MM-RRRR'),to_date('04-01-2018','DD-MM-RRRR'),'C0001','NJ001','FRP0000018','TT001','2000');
Insert into JESSELLAND.DETAIL_PEMINJAMAN_PER_FILM (ID_PEMINJAMAN,TGL_PEMINJAMAN,TGL_HRS_KEMBALI,ID_CUSTOMER,ID_NOTA_PEMINJAMAN,ID_FILM,ID_TANDA_TERIMA,HARGA) values ('DJ002',to_date('01-01-2018','DD-MM-RRRR'),to_date('06-01-2018','DD-MM-RRRR'),'C0001','NJ001','FCM0130117','TT002','1000');
Insert into JESSELLAND.DETAIL_PEMINJAMAN_PER_FILM (ID_PEMINJAMAN,TGL_PEMINJAMAN,TGL_HRS_KEMBALI,ID_CUSTOMER,ID_NOTA_PEMINJAMAN,ID_FILM,ID_TANDA_TERIMA,HARGA) values ('DJ003',to_date('02-02-2018','DD-MM-RRRR'),to_date('05-02-2018','DD-MM-RRRR'),'C0002','NJ002','FGG2000017','TT003','2000');
Insert into JESSELLAND.DETAIL_PEMINJAMAN_PER_FILM (ID_PEMINJAMAN,TGL_PEMINJAMAN,TGL_HRS_KEMBALI,ID_CUSTOMER,ID_NOTA_PEMINJAMAN,ID_FILM,ID_TANDA_TERIMA,HARGA) values ('DJ004',to_date('02-02-2018','DD-MM-RRRR'),to_date('07-02-2018','DD-MM-RRRR'),'C0002','NJ002','FCM0130117','TT004','1000');
Insert into JESSELLAND.DETAIL_PEMINJAMAN_PER_FILM (ID_PEMINJAMAN,TGL_PEMINJAMAN,TGL_HRS_KEMBALI,ID_CUSTOMER,ID_NOTA_PEMINJAMAN,ID_FILM,ID_TANDA_TERIMA,HARGA) values ('DJ005',to_date('03-02-2018','DD-MM-RRRR'),to_date('08-02-2018','DD-MM-RRRR'),'C0002','NJ003','FCM0130217','TT005','1000');
Insert into JESSELLAND.DETAIL_PEMINJAMAN_PER_FILM (ID_PEMINJAMAN,TGL_PEMINJAMAN,TGL_HRS_KEMBALI,ID_CUSTOMER,ID_NOTA_PEMINJAMAN,ID_FILM,ID_TANDA_TERIMA,HARGA) values ('DJ006',to_date('04-02-2018','DD-MM-RRRR'),to_date('07-02-2018','DD-MM-RRRR'),'C0003','NJ004','FGS0000017','TT006','2000');
Insert into JESSELLAND.DETAIL_PEMINJAMAN_PER_FILM (ID_PEMINJAMAN,TGL_PEMINJAMAN,TGL_HRS_KEMBALI,ID_CUSTOMER,ID_NOTA_PEMINJAMAN,ID_FILM,ID_TANDA_TERIMA,HARGA) values ('DJ007',to_date('04-02-2018','DD-MM-RRRR'),to_date('07-02-2018','DD-MM-RRRR'),'C0004','NJ005','FBB0000017',null,'2000');
REM INSERTING into JESSELLAND.FILM
SET DEFINE OFF;
Insert into JESSELLAND.FILM (ID_FILM,TGL_RILIS,JUDUL,ID_GENRE,JUMLAH_TOTAL,JUMLAH_BAIK,JUMLAH_RUSAK,JUMLAH_HILANG,ID_STATUS,HARGA_SATUAN,JUMLAH_TERPINJAM) values ('FRP0000018',to_date('28-03-2018','DD-MM-RRRR'),'Ready Player One','G0001','5','3','1','1','STAT2','35000',null);
Insert into JESSELLAND.FILM (ID_FILM,TGL_RILIS,JUDUL,ID_GENRE,JUMLAH_TOTAL,JUMLAH_BAIK,JUMLAH_RUSAK,JUMLAH_HILANG,ID_STATUS,HARGA_SATUAN,JUMLAH_TERPINJAM) values ('FCM0130117',to_date('27-09-2017','DD-MM-RRRR'),'Criminal Minds Season 13 Eps.1','G0002','10','7','2','1','STAT3','25000',null);
Insert into JESSELLAND.FILM (ID_FILM,TGL_RILIS,JUDUL,ID_GENRE,JUMLAH_TOTAL,JUMLAH_BAIK,JUMLAH_RUSAK,JUMLAH_HILANG,ID_STATUS,HARGA_SATUAN,JUMLAH_TERPINJAM) values ('FGS0000017',to_date('29-12-2017','DD-MM-RRRR'),'The Greatest Showman','G0003','7','7','0','0','STAT2','35000',null);
Insert into JESSELLAND.FILM (ID_FILM,TGL_RILIS,JUDUL,ID_GENRE,JUMLAH_TOTAL,JUMLAH_BAIK,JUMLAH_RUSAK,JUMLAH_HILANG,ID_STATUS,HARGA_SATUAN,JUMLAH_TERPINJAM) values ('FTR0000016',to_date('27-10-2016','DD-MM-RRRR'),'Trolls','G0004','3','3','0','0','STAT2','35000',null);
Insert into JESSELLAND.FILM (ID_FILM,TGL_RILIS,JUDUL,ID_GENRE,JUMLAH_TOTAL,JUMLAH_BAIK,JUMLAH_RUSAK,JUMLAH_HILANG,ID_STATUS,HARGA_SATUAN,JUMLAH_TERPINJAM) values ('FCM0130217',to_date('04-10-2017','DD-MM-RRRR'),'Criminal Minds Season 13 Eps.2','G0002','10','8','1','1','STAT3','25000',null);
Insert into JESSELLAND.FILM (ID_FILM,TGL_RILIS,JUDUL,ID_GENRE,JUMLAH_TOTAL,JUMLAH_BAIK,JUMLAH_RUSAK,JUMLAH_HILANG,ID_STATUS,HARGA_SATUAN,JUMLAH_TERPINJAM) values ('FBB0000017',to_date('05-04-2017','DD-MM-RRRR'),'The Boss Baby','G0005','5','4','1','0','STAT2','35000',null);
Insert into JESSELLAND.FILM (ID_FILM,TGL_RILIS,JUDUL,ID_GENRE,JUMLAH_TOTAL,JUMLAH_BAIK,JUMLAH_RUSAK,JUMLAH_HILANG,ID_STATUS,HARGA_SATUAN,JUMLAH_TERPINJAM) values ('FGG2000017',to_date('26-04-2017','DD-MM-RRRR'),'Guardians of the Galaxy Vol.2','G0001','5','5','0','0','STAT2','35000',null);
REM INSERTING into JESSELLAND.GENRE
SET DEFINE OFF;
Insert into JESSELLAND.GENRE (ID_GENRE,DESKRIPSI_GENRE) values ('G0001','Sci-Fi,Action,Adventure');
Insert into JESSELLAND.GENRE (ID_GENRE,DESKRIPSI_GENRE) values ('G0002','Crime,Drama,Mystery');
Insert into JESSELLAND.GENRE (ID_GENRE,DESKRIPSI_GENRE) values ('G0003','Biography,Drama,Musical');
Insert into JESSELLAND.GENRE (ID_GENRE,DESKRIPSI_GENRE) values ('G0004','Animation,Adventure,Comedy');
Insert into JESSELLAND.GENRE (ID_GENRE,DESKRIPSI_GENRE) values ('G0005','Animation,Comedy,Family');
REM INSERTING into JESSELLAND.NOTA_PEMBELIAN
SET DEFINE OFF;
Insert into JESSELLAND.NOTA_PEMBELIAN (ID_NOTA,TOTAL_BAYAR,ID_SUPPLIER) values ('NB001','105000','S0001');
Insert into JESSELLAND.NOTA_PEMBELIAN (ID_NOTA,TOTAL_BAYAR,ID_SUPPLIER) values ('NB002','175000','S0002');
Insert into JESSELLAND.NOTA_PEMBELIAN (ID_NOTA,TOTAL_BAYAR,ID_SUPPLIER) values ('NB003','175000','S0003');
Insert into JESSELLAND.NOTA_PEMBELIAN (ID_NOTA,TOTAL_BAYAR,ID_SUPPLIER) values ('NB004','500000','S0004');
Insert into JESSELLAND.NOTA_PEMBELIAN (ID_NOTA,TOTAL_BAYAR,ID_SUPPLIER) values ('NB005','245000','S0005');
Insert into JESSELLAND.NOTA_PEMBELIAN (ID_NOTA,TOTAL_BAYAR,ID_SUPPLIER) values ('NB006','175000','S0002');
REM INSERTING into JESSELLAND.NOTA_PEMINJAMAN
SET DEFINE OFF;
Insert into JESSELLAND.NOTA_PEMINJAMAN (ID_NOTA,ID_CUSTOMER,TANGGAL,TOTAL_HARGA) values ('NJ001','C0001',to_date('01-01-2018','DD-MM-RRRR'),'3000');
Insert into JESSELLAND.NOTA_PEMINJAMAN (ID_NOTA,ID_CUSTOMER,TANGGAL,TOTAL_HARGA) values ('NJ002','C0002',to_date('02-02-2018','DD-MM-RRRR'),'3000');
Insert into JESSELLAND.NOTA_PEMINJAMAN (ID_NOTA,ID_CUSTOMER,TANGGAL,TOTAL_HARGA) values ('NJ003','C0002',to_date('03-02-2018','DD-MM-RRRR'),'1000');
Insert into JESSELLAND.NOTA_PEMINJAMAN (ID_NOTA,ID_CUSTOMER,TANGGAL,TOTAL_HARGA) values ('NJ004','C0003',to_date('04-02-2018','DD-MM-RRRR'),'2000');
Insert into JESSELLAND.NOTA_PEMINJAMAN (ID_NOTA,ID_CUSTOMER,TANGGAL,TOTAL_HARGA) values ('NJ005','C0004',to_date('04-02-2018','DD-MM-RRRR'),'2000');
REM INSERTING into JESSELLAND.STATUS
SET DEFINE OFF;
Insert into JESSELLAND.STATUS (ID_STATUS,NAMA_STATUS,MASA_PINJAM) values ('STAT1','New Release','1');
Insert into JESSELLAND.STATUS (ID_STATUS,NAMA_STATUS,MASA_PINJAM) values ('STAT2','Biasa','3');
Insert into JESSELLAND.STATUS (ID_STATUS,NAMA_STATUS,MASA_PINJAM) values ('STAT3','Serial','5');
REM INSERTING into JESSELLAND.SUPPLIER
SET DEFINE OFF;
Insert into JESSELLAND.SUPPLIER (ID_SUPPLIER,NAMA_SUPPLIER,ALAMAT,EMAIL,NO_TELP) values ('S0001','Sumber Jaya','Jl.Dupak no 1','sumberjaya@gmail.com','0313518476');
Insert into JESSELLAND.SUPPLIER (ID_SUPPLIER,NAMA_SUPPLIER,ALAMAT,EMAIL,NO_TELP) values ('S0002','Mas Agung','Jl.Perak no 2','masagung@gmail.com','0318410713');
Insert into JESSELLAND.SUPPLIER (ID_SUPPLIER,NAMA_SUPPLIER,ALAMAT,EMAIL,NO_TELP) values ('S0003','Sejati','Jl.Mawar no 3','sejati@gmail.com','0313534789');
Insert into JESSELLAND.SUPPLIER (ID_SUPPLIER,NAMA_SUPPLIER,ALAMAT,EMAIL,NO_TELP) values ('S0004','Welling','Jl.Slipi no 4','welling@gmail.com','0315317389');
Insert into JESSELLAND.SUPPLIER (ID_SUPPLIER,NAMA_SUPPLIER,ALAMAT,EMAIL,NO_TELP) values ('S0005','Sentosa Raya','Jl.Bregol no 5','sentosaraya@gmail.com','0313724920');
REM INSERTING into JESSELLAND.TANDA_TERIMA_PERNOTAAN_FILM
SET DEFINE OFF;
Insert into JESSELLAND.TANDA_TERIMA_PERNOTAAN_FILM (ID_TANDA_TERIMA,TGL_KEMBALI,SELISIH_HARI,DENDA,ID_CUSTOMER,ID_FILM,KETERANGAN) values ('TT001',to_date('03-01-2018','DD-MM-RRRR'),'0','0','C0001','FRP0000018','B');
Insert into JESSELLAND.TANDA_TERIMA_PERNOTAAN_FILM (ID_TANDA_TERIMA,TGL_KEMBALI,SELISIH_HARI,DENDA,ID_CUSTOMER,ID_FILM,KETERANGAN) values ('TT002',to_date('05-01-2018','DD-MM-RRRR'),'0','50000','C0001','FCM0130117','H');
Insert into JESSELLAND.TANDA_TERIMA_PERNOTAAN_FILM (ID_TANDA_TERIMA,TGL_KEMBALI,SELISIH_HARI,DENDA,ID_CUSTOMER,ID_FILM,KETERANGAN) values ('TT003',to_date('05-02-2018','DD-MM-RRRR'),'0','50000','C0002','FGG2000017','R');
Insert into JESSELLAND.TANDA_TERIMA_PERNOTAAN_FILM (ID_TANDA_TERIMA,TGL_KEMBALI,SELISIH_HARI,DENDA,ID_CUSTOMER,ID_FILM,KETERANGAN) values ('TT004',to_date('07-02-2018','DD-MM-RRRR'),'0','50000','C0002','FCM0130117','H');
Insert into JESSELLAND.TANDA_TERIMA_PERNOTAAN_FILM (ID_TANDA_TERIMA,TGL_KEMBALI,SELISIH_HARI,DENDA,ID_CUSTOMER,ID_FILM,KETERANGAN) values ('TT005',to_date('09-02-2018','DD-MM-RRRR'),'1','500','C0002','FCM0130217','B');
Insert into JESSELLAND.TANDA_TERIMA_PERNOTAAN_FILM (ID_TANDA_TERIMA,TGL_KEMBALI,SELISIH_HARI,DENDA,ID_CUSTOMER,ID_FILM,KETERANGAN) values ('TT006',to_date('22-06-2018','DD-MM-RRRR'),'135','67500','C0003','FGS0000017',null);
--------------------------------------------------------
--  DDL for Index NOTA_PEMBELIAN_PK
--------------------------------------------------------

  CREATE UNIQUE INDEX "JESSELLAND"."NOTA_PEMBELIAN_PK" ON "JESSELLAND"."NOTA_PEMBELIAN" ("ID_NOTA") 
  PCTFREE 10 INITRANS 2 MAXTRANS 255 COMPUTE STATISTICS 
  STORAGE(INITIAL 65536 NEXT 1048576 MINEXTENTS 1 MAXEXTENTS 2147483645
  PCTINCREASE 0 FREELISTS 1 FREELIST GROUPS 1 BUFFER_POOL DEFAULT FLASH_CACHE DEFAULT CELL_FLASH_CACHE DEFAULT)
  TABLESPACE "USERS" ;
--------------------------------------------------------
--  DDL for Index DETAIL_PEMINJAMAN_PER_FILM_PK
--------------------------------------------------------

  CREATE UNIQUE INDEX "JESSELLAND"."DETAIL_PEMINJAMAN_PER_FILM_PK" ON "JESSELLAND"."DETAIL_PEMINJAMAN_PER_FILM" ("ID_PEMINJAMAN") 
  PCTFREE 10 INITRANS 2 MAXTRANS 255 COMPUTE STATISTICS 
  STORAGE(INITIAL 65536 NEXT 1048576 MINEXTENTS 1 MAXEXTENTS 2147483645
  PCTINCREASE 0 FREELISTS 1 FREELIST GROUPS 1 BUFFER_POOL DEFAULT FLASH_CACHE DEFAULT CELL_FLASH_CACHE DEFAULT)
  TABLESPACE "USERS" ;
--------------------------------------------------------
--  DDL for Index DETAIL_PEMBELIAN_PK
--------------------------------------------------------

  CREATE UNIQUE INDEX "JESSELLAND"."DETAIL_PEMBELIAN_PK" ON "JESSELLAND"."DETAIL_PEMBELIAN" ("ID_PEMBELIAN") 
  PCTFREE 10 INITRANS 2 MAXTRANS 255 COMPUTE STATISTICS 
  STORAGE(INITIAL 65536 NEXT 1048576 MINEXTENTS 1 MAXEXTENTS 2147483645
  PCTINCREASE 0 FREELISTS 1 FREELIST GROUPS 1 BUFFER_POOL DEFAULT FLASH_CACHE DEFAULT CELL_FLASH_CACHE DEFAULT)
  TABLESPACE "USERS" ;
--------------------------------------------------------
--  DDL for Index TANDA_TERIMA_PERNOTAAN_FIL_PK
--------------------------------------------------------

  CREATE UNIQUE INDEX "JESSELLAND"."TANDA_TERIMA_PERNOTAAN_FIL_PK" ON "JESSELLAND"."TANDA_TERIMA_PERNOTAAN_FILM" ("ID_TANDA_TERIMA") 
  PCTFREE 10 INITRANS 2 MAXTRANS 255 COMPUTE STATISTICS 
  STORAGE(INITIAL 65536 NEXT 1048576 MINEXTENTS 1 MAXEXTENTS 2147483645
  PCTINCREASE 0 FREELISTS 1 FREELIST GROUPS 1 BUFFER_POOL DEFAULT FLASH_CACHE DEFAULT CELL_FLASH_CACHE DEFAULT)
  TABLESPACE "USERS" ;
--------------------------------------------------------
--  DDL for Index GENRE_PK
--------------------------------------------------------

  CREATE UNIQUE INDEX "JESSELLAND"."GENRE_PK" ON "JESSELLAND"."GENRE" ("ID_GENRE") 
  PCTFREE 10 INITRANS 2 MAXTRANS 255 COMPUTE STATISTICS 
  STORAGE(INITIAL 65536 NEXT 1048576 MINEXTENTS 1 MAXEXTENTS 2147483645
  PCTINCREASE 0 FREELISTS 1 FREELIST GROUPS 1 BUFFER_POOL DEFAULT FLASH_CACHE DEFAULT CELL_FLASH_CACHE DEFAULT)
  TABLESPACE "USERS" ;
--------------------------------------------------------
--  DDL for Index NOTA_PEMINJAMAN_PK
--------------------------------------------------------

  CREATE UNIQUE INDEX "JESSELLAND"."NOTA_PEMINJAMAN_PK" ON "JESSELLAND"."NOTA_PEMINJAMAN" ("ID_NOTA") 
  PCTFREE 10 INITRANS 2 MAXTRANS 255 COMPUTE STATISTICS 
  STORAGE(INITIAL 65536 NEXT 1048576 MINEXTENTS 1 MAXEXTENTS 2147483645
  PCTINCREASE 0 FREELISTS 1 FREELIST GROUPS 1 BUFFER_POOL DEFAULT FLASH_CACHE DEFAULT CELL_FLASH_CACHE DEFAULT)
  TABLESPACE "USERS" ;
--------------------------------------------------------
--  DDL for Index SUPPLIER_PK
--------------------------------------------------------

  CREATE UNIQUE INDEX "JESSELLAND"."SUPPLIER_PK" ON "JESSELLAND"."SUPPLIER" ("ID_SUPPLIER") 
  PCTFREE 10 INITRANS 2 MAXTRANS 255 COMPUTE STATISTICS 
  STORAGE(INITIAL 65536 NEXT 1048576 MINEXTENTS 1 MAXEXTENTS 2147483645
  PCTINCREASE 0 FREELISTS 1 FREELIST GROUPS 1 BUFFER_POOL DEFAULT FLASH_CACHE DEFAULT CELL_FLASH_CACHE DEFAULT)
  TABLESPACE "USERS" ;
--------------------------------------------------------
--  DDL for Index CUSTOMER_PK
--------------------------------------------------------

  CREATE UNIQUE INDEX "JESSELLAND"."CUSTOMER_PK" ON "JESSELLAND"."CUSTOMER" ("ID_CUSTOMER") 
  PCTFREE 10 INITRANS 2 MAXTRANS 255 COMPUTE STATISTICS 
  STORAGE(INITIAL 65536 NEXT 1048576 MINEXTENTS 1 MAXEXTENTS 2147483645
  PCTINCREASE 0 FREELISTS 1 FREELIST GROUPS 1 BUFFER_POOL DEFAULT FLASH_CACHE DEFAULT CELL_FLASH_CACHE DEFAULT)
  TABLESPACE "USERS" ;
--------------------------------------------------------
--  DDL for Index STATUS_PK
--------------------------------------------------------

  CREATE UNIQUE INDEX "JESSELLAND"."STATUS_PK" ON "JESSELLAND"."STATUS" ("ID_STATUS") 
  PCTFREE 10 INITRANS 2 MAXTRANS 255 COMPUTE STATISTICS 
  STORAGE(INITIAL 65536 NEXT 1048576 MINEXTENTS 1 MAXEXTENTS 2147483645
  PCTINCREASE 0 FREELISTS 1 FREELIST GROUPS 1 BUFFER_POOL DEFAULT FLASH_CACHE DEFAULT CELL_FLASH_CACHE DEFAULT)
  TABLESPACE "USERS" ;
--------------------------------------------------------
--  DDL for Index FILM_PK
--------------------------------------------------------

  CREATE UNIQUE INDEX "JESSELLAND"."FILM_PK" ON "JESSELLAND"."FILM" ("ID_FILM") 
  PCTFREE 10 INITRANS 2 MAXTRANS 255 COMPUTE STATISTICS 
  STORAGE(INITIAL 65536 NEXT 1048576 MINEXTENTS 1 MAXEXTENTS 2147483645
  PCTINCREASE 0 FREELISTS 1 FREELIST GROUPS 1 BUFFER_POOL DEFAULT FLASH_CACHE DEFAULT CELL_FLASH_CACHE DEFAULT)
  TABLESPACE "USERS" ;
--------------------------------------------------------
--  Constraints for Table SUPPLIER
--------------------------------------------------------

  ALTER TABLE "JESSELLAND"."SUPPLIER" ADD CONSTRAINT "SUPPLIER_PK" PRIMARY KEY ("ID_SUPPLIER")
  USING INDEX PCTFREE 10 INITRANS 2 MAXTRANS 255 COMPUTE STATISTICS 
  STORAGE(INITIAL 65536 NEXT 1048576 MINEXTENTS 1 MAXEXTENTS 2147483645
  PCTINCREASE 0 FREELISTS 1 FREELIST GROUPS 1 BUFFER_POOL DEFAULT FLASH_CACHE DEFAULT CELL_FLASH_CACHE DEFAULT)
  TABLESPACE "USERS"  ENABLE;
 
  ALTER TABLE "JESSELLAND"."SUPPLIER" MODIFY ("ID_SUPPLIER" NOT NULL ENABLE);
--------------------------------------------------------
--  Constraints for Table NOTA_PEMBELIAN
--------------------------------------------------------

  ALTER TABLE "JESSELLAND"."NOTA_PEMBELIAN" ADD CONSTRAINT "NOTA_PEMBELIAN_PK" PRIMARY KEY ("ID_NOTA")
  USING INDEX PCTFREE 10 INITRANS 2 MAXTRANS 255 COMPUTE STATISTICS 
  STORAGE(INITIAL 65536 NEXT 1048576 MINEXTENTS 1 MAXEXTENTS 2147483645
  PCTINCREASE 0 FREELISTS 1 FREELIST GROUPS 1 BUFFER_POOL DEFAULT FLASH_CACHE DEFAULT CELL_FLASH_CACHE DEFAULT)
  TABLESPACE "USERS"  ENABLE;
 
  ALTER TABLE "JESSELLAND"."NOTA_PEMBELIAN" MODIFY ("ID_NOTA" NOT NULL ENABLE);
--------------------------------------------------------
--  Constraints for Table GENRE
--------------------------------------------------------

  ALTER TABLE "JESSELLAND"."GENRE" ADD CONSTRAINT "GENRE_PK" PRIMARY KEY ("ID_GENRE")
  USING INDEX PCTFREE 10 INITRANS 2 MAXTRANS 255 COMPUTE STATISTICS 
  STORAGE(INITIAL 65536 NEXT 1048576 MINEXTENTS 1 MAXEXTENTS 2147483645
  PCTINCREASE 0 FREELISTS 1 FREELIST GROUPS 1 BUFFER_POOL DEFAULT FLASH_CACHE DEFAULT CELL_FLASH_CACHE DEFAULT)
  TABLESPACE "USERS"  ENABLE;
 
  ALTER TABLE "JESSELLAND"."GENRE" MODIFY ("ID_GENRE" NOT NULL ENABLE);
--------------------------------------------------------
--  Constraints for Table DETAIL_PEMINJAMAN_PER_FILM
--------------------------------------------------------

  ALTER TABLE "JESSELLAND"."DETAIL_PEMINJAMAN_PER_FILM" ADD CONSTRAINT "DETAIL_PEMINJAMAN_PER_FILM_PK" PRIMARY KEY ("ID_PEMINJAMAN")
  USING INDEX PCTFREE 10 INITRANS 2 MAXTRANS 255 COMPUTE STATISTICS 
  STORAGE(INITIAL 65536 NEXT 1048576 MINEXTENTS 1 MAXEXTENTS 2147483645
  PCTINCREASE 0 FREELISTS 1 FREELIST GROUPS 1 BUFFER_POOL DEFAULT FLASH_CACHE DEFAULT CELL_FLASH_CACHE DEFAULT)
  TABLESPACE "USERS"  ENABLE;
 
  ALTER TABLE "JESSELLAND"."DETAIL_PEMINJAMAN_PER_FILM" MODIFY ("ID_PEMINJAMAN" NOT NULL ENABLE);
--------------------------------------------------------
--  Constraints for Table NOTA_PEMINJAMAN
--------------------------------------------------------

  ALTER TABLE "JESSELLAND"."NOTA_PEMINJAMAN" ADD CONSTRAINT "NOTA_PEMINJAMAN_PK" PRIMARY KEY ("ID_NOTA")
  USING INDEX PCTFREE 10 INITRANS 2 MAXTRANS 255 COMPUTE STATISTICS 
  STORAGE(INITIAL 65536 NEXT 1048576 MINEXTENTS 1 MAXEXTENTS 2147483645
  PCTINCREASE 0 FREELISTS 1 FREELIST GROUPS 1 BUFFER_POOL DEFAULT FLASH_CACHE DEFAULT CELL_FLASH_CACHE DEFAULT)
  TABLESPACE "USERS"  ENABLE;
 
  ALTER TABLE "JESSELLAND"."NOTA_PEMINJAMAN" MODIFY ("ID_NOTA" NOT NULL ENABLE);
--------------------------------------------------------
--  Constraints for Table FILM
--------------------------------------------------------

  ALTER TABLE "JESSELLAND"."FILM" ADD CONSTRAINT "FILM_PK" PRIMARY KEY ("ID_FILM")
  USING INDEX PCTFREE 10 INITRANS 2 MAXTRANS 255 COMPUTE STATISTICS 
  STORAGE(INITIAL 65536 NEXT 1048576 MINEXTENTS 1 MAXEXTENTS 2147483645
  PCTINCREASE 0 FREELISTS 1 FREELIST GROUPS 1 BUFFER_POOL DEFAULT FLASH_CACHE DEFAULT CELL_FLASH_CACHE DEFAULT)
  TABLESPACE "USERS"  ENABLE;
 
  ALTER TABLE "JESSELLAND"."FILM" MODIFY ("ID_FILM" NOT NULL ENABLE);
--------------------------------------------------------
--  Constraints for Table CUSTOMER
--------------------------------------------------------

  ALTER TABLE "JESSELLAND"."CUSTOMER" ADD CONSTRAINT "CUSTOMER_PK" PRIMARY KEY ("ID_CUSTOMER")
  USING INDEX PCTFREE 10 INITRANS 2 MAXTRANS 255 COMPUTE STATISTICS 
  STORAGE(INITIAL 65536 NEXT 1048576 MINEXTENTS 1 MAXEXTENTS 2147483645
  PCTINCREASE 0 FREELISTS 1 FREELIST GROUPS 1 BUFFER_POOL DEFAULT FLASH_CACHE DEFAULT CELL_FLASH_CACHE DEFAULT)
  TABLESPACE "USERS"  ENABLE;
 
  ALTER TABLE "JESSELLAND"."CUSTOMER" MODIFY ("ID_CUSTOMER" NOT NULL ENABLE);
--------------------------------------------------------
--  Constraints for Table STATUS
--------------------------------------------------------

  ALTER TABLE "JESSELLAND"."STATUS" ADD CONSTRAINT "STATUS_PK" PRIMARY KEY ("ID_STATUS")
  USING INDEX PCTFREE 10 INITRANS 2 MAXTRANS 255 COMPUTE STATISTICS 
  STORAGE(INITIAL 65536 NEXT 1048576 MINEXTENTS 1 MAXEXTENTS 2147483645
  PCTINCREASE 0 FREELISTS 1 FREELIST GROUPS 1 BUFFER_POOL DEFAULT FLASH_CACHE DEFAULT CELL_FLASH_CACHE DEFAULT)
  TABLESPACE "USERS"  ENABLE;
 
  ALTER TABLE "JESSELLAND"."STATUS" MODIFY ("ID_STATUS" NOT NULL ENABLE);
--------------------------------------------------------
--  Constraints for Table DETAIL_PEMBELIAN
--------------------------------------------------------

  ALTER TABLE "JESSELLAND"."DETAIL_PEMBELIAN" ADD CONSTRAINT "DETAIL_PEMBELIAN_PK" PRIMARY KEY ("ID_PEMBELIAN")
  USING INDEX PCTFREE 10 INITRANS 2 MAXTRANS 255 COMPUTE STATISTICS 
  STORAGE(INITIAL 65536 NEXT 1048576 MINEXTENTS 1 MAXEXTENTS 2147483645
  PCTINCREASE 0 FREELISTS 1 FREELIST GROUPS 1 BUFFER_POOL DEFAULT FLASH_CACHE DEFAULT CELL_FLASH_CACHE DEFAULT)
  TABLESPACE "USERS"  ENABLE;
 
  ALTER TABLE "JESSELLAND"."DETAIL_PEMBELIAN" MODIFY ("ID_PEMBELIAN" NOT NULL ENABLE);
--------------------------------------------------------
--  Constraints for Table TANDA_TERIMA_PERNOTAAN_FILM
--------------------------------------------------------

  ALTER TABLE "JESSELLAND"."TANDA_TERIMA_PERNOTAAN_FILM" MODIFY ("ID_TANDA_TERIMA" NOT NULL ENABLE);
 
  ALTER TABLE "JESSELLAND"."TANDA_TERIMA_PERNOTAAN_FILM" ADD CONSTRAINT "TANDA_TERIMA_PERNOTAAN_FIL_PK" PRIMARY KEY ("ID_TANDA_TERIMA")
  USING INDEX PCTFREE 10 INITRANS 2 MAXTRANS 255 COMPUTE STATISTICS 
  STORAGE(INITIAL 65536 NEXT 1048576 MINEXTENTS 1 MAXEXTENTS 2147483645
  PCTINCREASE 0 FREELISTS 1 FREELIST GROUPS 1 BUFFER_POOL DEFAULT FLASH_CACHE DEFAULT CELL_FLASH_CACHE DEFAULT)
  TABLESPACE "USERS"  ENABLE;
--------------------------------------------------------
--  Ref Constraints for Table DETAIL_PEMBELIAN
--------------------------------------------------------

  ALTER TABLE "JESSELLAND"."DETAIL_PEMBELIAN" ADD CONSTRAINT "ID_FILM_PEMBELIAN_FK" FOREIGN KEY ("ID_FILM")
	  REFERENCES "JESSELLAND"."FILM" ("ID_FILM") ENABLE;
 
  ALTER TABLE "JESSELLAND"."DETAIL_PEMBELIAN" ADD CONSTRAINT "ID_NOTA_FK" FOREIGN KEY ("ID_NOTA_PEMBELIAN")
	  REFERENCES "JESSELLAND"."NOTA_PEMBELIAN" ("ID_NOTA") ENABLE;
--------------------------------------------------------
--  Ref Constraints for Table DETAIL_PEMINJAMAN_PER_FILM
--------------------------------------------------------

  ALTER TABLE "JESSELLAND"."DETAIL_PEMINJAMAN_PER_FILM" ADD CONSTRAINT "DETAIL_PEMINJAMAN_PER_FIL_FK1" FOREIGN KEY ("ID_TANDA_TERIMA")
	  REFERENCES "JESSELLAND"."TANDA_TERIMA_PERNOTAAN_FILM" ("ID_TANDA_TERIMA") ENABLE;
 
  ALTER TABLE "JESSELLAND"."DETAIL_PEMINJAMAN_PER_FILM" ADD CONSTRAINT "ID_CUSTOMER_PEMINJAMAN_FK" FOREIGN KEY ("ID_CUSTOMER")
	  REFERENCES "JESSELLAND"."CUSTOMER" ("ID_CUSTOMER") ENABLE;
 
  ALTER TABLE "JESSELLAND"."DETAIL_PEMINJAMAN_PER_FILM" ADD CONSTRAINT "ID_FILM_PEMINJAMAN_FK" FOREIGN KEY ("ID_FILM")
	  REFERENCES "JESSELLAND"."FILM" ("ID_FILM") ENABLE;
 
  ALTER TABLE "JESSELLAND"."DETAIL_PEMINJAMAN_PER_FILM" ADD CONSTRAINT "ID_NOTA_PEMINJAMAN_FK" FOREIGN KEY ("ID_NOTA_PEMINJAMAN")
	  REFERENCES "JESSELLAND"."NOTA_PEMINJAMAN" ("ID_NOTA") ENABLE;
--------------------------------------------------------
--  Ref Constraints for Table FILM
--------------------------------------------------------

  ALTER TABLE "JESSELLAND"."FILM" ADD CONSTRAINT "ID_GENRE_FK" FOREIGN KEY ("ID_GENRE")
	  REFERENCES "JESSELLAND"."GENRE" ("ID_GENRE") ENABLE;
 
  ALTER TABLE "JESSELLAND"."FILM" ADD CONSTRAINT "ID_STATUS_FK" FOREIGN KEY ("ID_STATUS")
	  REFERENCES "JESSELLAND"."STATUS" ("ID_STATUS") ENABLE;
--------------------------------------------------------
--  Ref Constraints for Table NOTA_PEMBELIAN
--------------------------------------------------------

  ALTER TABLE "JESSELLAND"."NOTA_PEMBELIAN" ADD CONSTRAINT "ID_SUPPLIER_FK" FOREIGN KEY ("ID_SUPPLIER")
	  REFERENCES "JESSELLAND"."SUPPLIER" ("ID_SUPPLIER") ENABLE;
--------------------------------------------------------
--  Ref Constraints for Table NOTA_PEMINJAMAN
--------------------------------------------------------

  ALTER TABLE "JESSELLAND"."NOTA_PEMINJAMAN" ADD CONSTRAINT "ID_CUSTOMER_NOTA_PEMINJAMAN_FK" FOREIGN KEY ("ID_CUSTOMER")
	  REFERENCES "JESSELLAND"."CUSTOMER" ("ID_CUSTOMER") ENABLE;
--------------------------------------------------------
--  Ref Constraints for Table TANDA_TERIMA_PERNOTAAN_FILM
--------------------------------------------------------

  ALTER TABLE "JESSELLAND"."TANDA_TERIMA_PERNOTAAN_FILM" ADD CONSTRAINT "ID_CUSTOMER_TERIMA_FK" FOREIGN KEY ("ID_CUSTOMER")
	  REFERENCES "JESSELLAND"."CUSTOMER" ("ID_CUSTOMER") ENABLE;
 
  ALTER TABLE "JESSELLAND"."TANDA_TERIMA_PERNOTAAN_FILM" ADD CONSTRAINT "ID_FILM_TERIMA_FK" FOREIGN KEY ("ID_FILM")
	  REFERENCES "JESSELLAND"."FILM" ("ID_FILM") ENABLE;
